INSERT INTO carto_app_serveur (id, nom, type, localisation, cycle_vie) VALUES ('d2e459f2-d218-4528-babd-8e215874b6d3', 'Serveur-1', 'physique', 'Sainte Michelle', 'archivé');
INSERT INTO carto_app_serveur (id, nom, type, localisation, cycle_vie) VALUES ('16c67f54-a35b-4698-880c-ee0255136e72', 'Serveur-2', 'physique', 'Sainte Paul', 'production');
INSERT INTO carto_app_serveur (id, nom, type, localisation, cycle_vie) VALUES ('0686931d-6cff-4279-aef6-f885acbefe59', 'Serveur-3', 'virtuel', 'Meunier', 'archivé');
INSERT INTO carto_app_serveur (id, nom, type, localisation, cycle_vie) VALUES ('ded0ca59-d558-4a0b-a0df-5dcd17af3127', 'Serveur-4', 'physique', 'Da Silva', 'développement');
INSERT INTO carto_app_serveur (id, nom, type, localisation, cycle_vie) VALUES ('1a77dd2e-955b-4207-a268-a76c241a0033', 'Serveur-5', 'physique', 'Rogerboeuf', 'production');
INSERT INTO carto_app_servicemetier (id, nom, description) VALUES ('5601dc71-0c48-454b-a2b2-efa6523b23cf', 'Service Métier 1', 'Jour membre suivant appeler lors perdu espoir.');
INSERT INTO carto_app_servicemetier (id, nom, description) VALUES ('c0fb594d-dfa9-4c3e-9165-64794da4e1c9', 'Service Métier 2', 'Qui boire petit police recevoir figurer.');
INSERT INTO carto_app_servicemetier (id, nom, description) VALUES ('fd146a34-c050-42c9-9a66-07766d3fcd53', 'Service Métier 3', 'Profond dès hauteur lever.');
INSERT INTO carto_app_servicemetier (id, nom, description) VALUES ('4b00c27b-a752-4cd4-bf2b-95d91c8febc6', 'Service Métier 4', 'Acte côté hasard offrir chambre salle joue.');
INSERT INTO carto_app_servicemetier (id, nom, description) VALUES ('f581277d-9152-4ccd-a6ce-cf5555375e69', 'Service Métier 5', 'Dominer causer visite compagnon colère milieu paix.');
INSERT INTO carto_app_application (id, nom, version, serveur_id, cycle_vie, responsable) VALUES ('dac3a9e7-ff47-42e6-9631-0babcd0d0121', 'Application-1', '1.4', '0686931d-6cff-4279-aef6-f885acbefe59', 'actif', 'Richard Lopez');
INSERT INTO carto_app_application (id, nom, version, serveur_id, cycle_vie, responsable) VALUES ('d0a58e8b-7c00-4491-a24e-c1af2e6b292e', 'Application-2', '1.5', '0686931d-6cff-4279-aef6-f885acbefe59', 'en test', 'Élodie Charrier');
INSERT INTO carto_app_application (id, nom, version, serveur_id, cycle_vie, responsable) VALUES ('71d62e52-5e34-466c-a5ab-01ef750b3ea0', 'Application-3', '2.3', 'd2e459f2-d218-4528-babd-8e215874b6d3', 'en test', 'Christophe Delahaye');
INSERT INTO carto_app_application (id, nom, version, serveur_id, cycle_vie, responsable) VALUES ('9b7c6fb4-2394-4106-a896-baa491062206', 'Application-4', '2.8', '0686931d-6cff-4279-aef6-f885acbefe59', 'actif', 'Benoît Ferreira');
INSERT INTO carto_app_application (id, nom, version, serveur_id, cycle_vie, responsable) VALUES ('35e870a3-f17b-4651-813e-c18de19f7486', 'Application-5', '2.5', '16c67f54-a35b-4698-880c-ee0255136e72', 'actif', 'Éléonore Bègue');
INSERT INTO carto_app_application (id, nom, version, serveur_id, cycle_vie, responsable) VALUES ('442b0e43-426f-4258-9075-ee366fe89ff1', 'Application-6', '1.6', 'ded0ca59-d558-4a0b-a0df-5dcd17af3127', 'actif', 'Christelle Blanc de Poirier');
INSERT INTO carto_app_application (id, nom, version, serveur_id, cycle_vie, responsable) VALUES ('ed9a7f2e-083c-456c-9c66-017064f601ec', 'Application-7', '1.7', '0686931d-6cff-4279-aef6-f885acbefe59', 'actif', 'Tristan Perret');
INSERT INTO carto_app_application (id, nom, version, serveur_id, cycle_vie, responsable) VALUES ('de58a3d4-acd7-4d44-9449-be8b6883dae0', 'Application-8', '3.9', 'd2e459f2-d218-4528-babd-8e215874b6d3', 'en test', 'Margaud de la Maillot');
INSERT INTO carto_app_application (id, nom, version, serveur_id, cycle_vie, responsable) VALUES ('94973806-8452-42f1-abef-20ee29013a6a', 'Application-9', '2.4', '0686931d-6cff-4279-aef6-f885acbefe59', 'actif', 'Gilles Roche-Picard');
INSERT INTO carto_app_application (id, nom, version, serveur_id, cycle_vie, responsable) VALUES ('016623f0-2e60-49b9-bb2e-1f523eb0c860', 'Application-10', '1.4', 'd2e459f2-d218-4528-babd-8e215874b6d3', 'en test', 'Alexandrie Lévy');